{"cameraMode":{"drawMode":0,"name":"Shaded","section":"Shading Mode"},"sceneLighting":true,"audioPlay":false,"sceneViewState":{"m_AlwaysRefresh":false,"showFog":true,"showSkybox":true,"showFlares":true,"showImageEffects":true,"showParticleSystems":true,"showVisualEffectGraphs":true,"m_FxEnabled":true},"in2DMode":false,"pivot":{"x":9.369580268859864,"y":-2.1233291625976564,"z":5.0581254959106449},"rotation":{"x":-0.22145962715148927,"y":-0.34145012497901919,"z":0.08313082903623581,"w":-0.9096556901931763},"size":7.088723659515381,"orthographic":false}